이름,연락처(HP)
임한수환,116272551
고세찬,1057239934
주도영,1094062507
유조신우,1045735549
문희,1003438811
원가령,1070682674
채승현,1007122996
오신시완,118357981
오신은후,1067460501
문리한,1066814941
고민결,1010744300
봉호영,1079283282
봉시준,1040187132
황영민,117139690
권우림,117812018
신채하,1002420024
김성현,110754035
장성진,119740368
문조이,112574809
문승훈,1020664180
조종혁,112210665
심지유,1051970812
김시안,1050524525
원민,1095363687
고지희,1099225978
홍유현,1023448446
문성하,116112901
전현,1053189259
권예훈,1039838675
고서이,110918309
홍시영,1013015683
윤도윤,112956981
유조다엘,1020629439
장로은,115166009
류소영,119150984
신윤이,1089314777
문지후,1042202874
석준수,119074497
이지용,1024873092
홍민,113170574
최루아,114927690
권민교,1024261973
봉가온,114785049
안서유,112820518
손재혁,1061390511
조서주,113934694
강연후,111112609
문시준,1090336759
문동호,1002955196
민선후,113600348
곽찬혁,112735373
남다온,1027346372
권혜성,1072139282
홍규원,111156536
최승혜,1069607579
최영재,117744820
유조단아,1086291740
노백주하,1086548716
문병준,113986806
안동원,117577525
강준희,112384702
문민건,1070261827
남승준,110588175
권인영,116802211
안은정,1013743866
강승연,1082849904
정건희,113595861
공다훈,119742714
봉수영,112014923
노연종혁,114311998
임한지연,112147202
심은수,1035405289
신다은,111190730
문준희,113929989
강예하,119093632
조예윤,113453300
강민욱,1061167916
정윤후,1033279041
채대현,110875911
최혜빈,117536967
문이현,1016307501
서이레,1042729180
문채훈,119819467
봉재욱,1089408267
김루다,1096391459
노연수현,1088276178
김미소,111360050
손하연,1035642243
최가람,1071473609
정이찬,1030099932
정예랑,1073107737
황민희,1056724001
심민희,110515743
공인아,1044738487
곽우영,1005798392
문세원,1033270742
임한정민,112178288
원찬서,119340956
유조도운,1060835461
홍해성,1009421144
김혜린,119947482
김지유,1032904386
유조로운,111076067
정태양,1041173982
안예령,1020949923
곽민건,1017202212
홍민석,1041036987
노연아론,112350569
노백세인,114140671
윤이안,1026188182
윤준현,112120782
노백겸,1053922262
조재영,116634082
석진후,1092632163
이겸,116079840
윤인준,111935868
홍시율,116946910
임한다현,113837725
석겸,118651177
허명진,1073203081
문연재,1073932345
공은결,1043851817
김시율,1066701248
고수빈,116156788
강희주,119171107
민수빈,1009131321
윤종혁,115074723
조근우,119614837
임한해솔,1077570600
김동우,119876444
강새별,1087710523
권도형,1014383427
오신윤서,117620480
윤연재,1077748046
유조태빈,113931562
문우주,112658681
문설하,1095842883
노연시영,111091096
심아정,118996517
신유안,118385666
주하겸,1026652469
민시온,111117413
허리윤,1029133250
남태인,1063067854
석선재,1044055882
류현규,1029525895
최상훈,114700437
석현빈,1039611550
노백한울,112673449
오신민승,1062057333
서태은,1026258581
채세나,115410347
정다은,1089764634
주승연,1023379132
백우진,1033944924
장재승,1003681365
남이현,1047206817
주한별,1082686978
주지선,111247874
김은석,119014681
신예랑,1038261801
최제나,1001983596
황현도,117951791
노백가원,118909662
남성진,1093257230
손민혜,1034267580
윤채민,1096329361
백준기,1088953019
강유빈,1052045399
문도은,114465078
문혜인,1078438498
김현주,110172961
남시준,1004243649
문지예,118074073
송영찬,1038645426
석현진,115113385
정단비,114437872
황도담,111547516
전다겸,112868461
봉윤솔,1054624578
손환,115751122
안지한,111653275
원현민,1039644506
신효림,1069830188
노연혜원,1023413811
노연리안,1091689530
신승빈,1036241208
장진주,1019100697
서수인,110699875
윤태건,118599327
정도연,111027879
심정윤,1046597723
석세윤,1092170337
김다빈,110092368
김동원,1093777723
문은율,1089938237
박서유,113345106
서이안,1006556772
석민욱,114865042
이태이,1059759549
전민욱,1052259969
김세인,110870274
주세인,113811290
서태주,117948215
유조주헌,1094644603
신루아,113813813
김하선,116359158
이승현,119313140
민민솔,1021995371
문준상,1001520485
이규리,111387307
권태욱,111847499
강이현,110236350
고한빈,1035350854
공보미,1004434737
주민진,1005084375
오신희윤,1049603274
오신유빈,1066035342
노연승희,117723393
박도율,1045951563
유조나림,1053902525
손주미,113320305
김태후,119589182
주은유,118137090
안송연,117428941
황민규,116487709
석유주,113459544
남우찬,117440699
정동후,1025672441
권유솔,1074037877
송시후,119256962
문시언,1025325876
오신시안,118110331
류진성,113081196
강인서,119869209
안병준,116924405
오신찬호,1069626203
정정윤,111182884
남태이,112359076
문민경,118953729
장주안,111026104
홍현진,118649600
봉상민,118338039
임한윤석,117593423
안동원,118740972
서하늘,1094365905
채채령,115455126
백원석,114282283
신승후,1097983311
오신도영,110517026
심준하,117497561
권은진,1086144296
문건하,116515926
오신이수,1029576811
민한별,114332349
박이준,113860678
서예령,1059536714
노연하이,113113069
이예윤,118312517
강정원,1057888782
김인영,118735625
황예주,115086682
송민송,116290081
고승우,1064319352
고대영,114445626
원동후,119216734
노연승후,111119267
이선아,117719199
유조지헌,111079973
주솔,119541348
류연우,1071937071
원하루,114742459
정재혁,1093638641
유조영민,113720605
석태규,110751171
전예서,113693414
안우혁,1039543175
채성우,116070037
남민솔,1062757934
유조준형,116285098
강나래,1084342201
조병준,1009264103
채정우,117809080
정시하,1082010607
문다율,114925441
서동영,118765690
민세라,1028696280
남영은,1077172626
문채희,111385714
오신진성,1044852866
김효주,115252873
강찬유,115441791
석연후,1070356890
노백채안,113638639
노연아정,1097484979
문강희,117591701
심우찬,1085700711
남채유,111084500
강희영,115238282
김윤제,119427523
채영훈,114669143
류윤주,116943876
공정준,1077462622
공채원,118772948
봉수혁,1013325331
오신태윤,112287673
전수하,119750977
윤샤론,114381977
안재욱,1062984858
문예하,1008629254
김효린,115172705
백세연,1088621310
강선민,1005732202
강가빈,1018318559
신정현,1017811919
심상준,118556386
윤예현,118324695
문건후,1081723819
주소영,1024949761
김주하,1055744558
곽시진,1043629625
정석현,1063570184
류경준,1036829441
류연수,1010162300
이소예,113795555
남태균,1012428990
심찬빈,1095815524
곽승재,118396710
최태경,113067465
송효은,112308185
노백선율,114185114
김수현,1011712696
이서연,110007964
강시안,112120430
백윤수,1069295619
박정훈,1054229282
안서은,1043339192
심태이,118694357
황규현,1097489663
윤재은,1076456024
공도경,110092203
석예담,1043190141
손주원,1062111714
곽진성,114652934
서윤건,113006729
정재욱,111921636
강다솜,116551560
고세윤,1043407074
채해나,113364012
주태하,1099067727
송서호,1083634967
전유성,113526714
김하빈,115745269
조단아,1098348187
문한결,1039001075
남환,1089545999
손동균,1034356733
황준하,113554044
최가희,1061213695
백다현,1061836868
곽서원,119450824
김여울,1012202174
김제현,1024495351
유조유하,112146373
석준현,112299709
남다인,1059927433
류태웅,1015673586
노연혜정,1000440312
석보연,115016698
오신이레,111454654
장지민,1047804827
고은아,118166137
문가민,1018558918
박재혁,1087153405
전이안,110967613
민승아,1047267370
김호진,1007440994
문아정,1072994803
원설하,115047318
곽슬아,116282772
서은규,1027002420
정린,1056544812
채서희,1031326479
봉예리,111836320
봉시후,1019152898
류현아,1082245395
강재형,117517901
곽세은,1010160325
윤세진,118137826
봉유민,1004049095
주진호,1020751415
최나린,119839229
석은율,119920734
전호윤,1011120979
류준민,1009960579
강린아,114159907
강도연,112465477
임한도준,1063047248
문솔,115273909
민재인,1040256863
봉선호,112123736
김환,1060400833
고도운,114886719
백승수,1094712131
이서안,1064421682
석우준,1075471942
오신현진,1012777962
황승헌,113081715
유조태환,110113237
강시하,117772908
강이엘,118888695
전시훈,1089640540
김혜진,1044567134
봉병준,1076833794
박세희,1048881876
민보겸,113730674
송병준,111096333
채윤서,116935564
오신준상,1041991599
남현아,1059920458
김성주,1012325527
최태윤,118708854
황리호,1031980751
정유안,1031490050
조서연,1044881544
노백경민,113309506
조상윤,114371969
강한결,1039827220
윤유안,118045891
김연재,1052210930
남한솔,116018286
이예승,1068066329
남시영,1056868545
곽정민,1021220582
신다겸,1087513272
문연우,1018717914
전하민,1077714841
심설하,118810632
노백서이,1082944129
남리예,1004893972
노백선영,1037359383
허민결,116467939
안채아,1018212087
권대호,1099028366
문강준,1070575382
문준휘,1049179311
남재원,118729617
김이담,113403206
손리안,117893214
노백세환,1063952342
정태현,1074206501
원민진,1069036727
고시훈,110005769
남이든,1079975522
류성환,1067814119
장나혜,115447632
오신재범,1073306999
김민율,1067220902
곽도영,110883748
유조별하,1069206742
문경빈,1091099665
심은희,1004977429
윤재민,1008493042
남세빈,119194674
전혜린,1059318865
송효재,118311906
김수찬,1010752914
안보람,1075239196
오신연진,114457794
고가윤,115352887
서민희,1068170028
강인호,114535279
최하엘,1064389854
강시윤,1011505687
유조유하,1014789979
문지선,116896823
안예현,1076907294
전영찬,1095555566
정채민,113149867
김시호,1068339077
석동진,115606853
장은혁,112188667
문한비,1030109296
김준휘,1085255766
석유주,110251369
권효진,1034238650
문건호,118855744
곽주찬,1087997109
남은혁,1031887796
심은유,115948248
허진서,1002978246
공세환,118603551
심시헌,1006004260
원은주,115462060
문현욱,1069882539
안서연,1099834748
홍태오,1010743343
원세윤,113145833
박지윤,111270275
유조은정,119340547
석주헌,110423047
남시우,110532520
문은호,1014593429
김윤서,1059052239
원은아,1076751967
권태규,116637637
장진영,119713224
고유라,1086276954
노백하늬,1047009838
최유담,1085806782
문현영,1059772101
노백유미,1061490773
박세민,1005142783
석소윤,111668230
이나엘,1078115662
문재인,1017951129
김선재,118646257
신명준,1060828714
정선아,1059691598
강신우,1065071508
백은준,1013781612
김가희,110131553
석은솔,1092006245
노백지안,110838496
권혁준,110589959
오신율희,1054366756
안슬찬,1070007414
문서율,1050828360
조효진,1046400674
손고은,1010999093
안하경,1039280549
봉윤서,113736941
오신지형,1098965695
봉이레,1046332315
문도현,1011238604
송예봄,1023451965
노연유리,118522854
채도아,119817300
공정혁,1007801867
권성은,113761134
강요셉,117742740
곽해찬,1047324422
정준섭,116560603
유조로하,114737479
노연민선,1084494680
강도경,1040419782
심서인,116321080
민지호,117283852
김은진,1008512924
문재성,1001912225
허준이,1044412738
남시우,1099237840
공혜은,1050179930
황은재,1044074324
손지원,1015612681
임한재웅,111419982
장동우,1090820473
주건하,1003677852
박유호,1082055102
김효원,110464542
문희연,1044011741
고은비,116726713
전정빈,110869178
남윤제,111315679
문현성,113525072
서준모,1098990346
공윤호,1043047441
김우재,114399844
황하빈,115396650
장선유,110783621
김지석,111538936
민해린,118570450
원원우,1013862881
홍혜성,1072086850
김원,112802631
정영준,1018108871
송강준,113574551
서주연,115378812
안희정,117103294
김서인,1060262503
남하람,1093876946
주태하,117842174
남지후,118876292
강아윤,116430900
신용준,113776051
석시언,1053955199
정채빈,1091464454
허하엘,1080241375
강윤우,110778947
서하리,112494493
봉지민,1025131885
최원우,1019243037
원아리,115189657
주규림,114032182
백지인,1099004113
송어진,1078974758
원아름,1031713143
김채리,119066840
박도원,1065047208
유조유림,1052868432
이보영,110199773
남경훈,111783473
김리나,116278431
백아인,1089598097
임한가을,1084428870
문상욱,115227221
민태빈,116538793
노연규리,118120054
류도훈,118973779
문인우,111501228
송진서,111553998
장진혁,1042698671
문재민,112165461
봉서이,117894387
남한솔,1063372813
송은혁,1027736356
송가율,1044276961
노백태영,114498104
정하진,113343380
임한소미,110604441
윤민교,118763194
문수하,1003595708
김인아,1019976909
이나은,119183847
송수안,115485899
유조민영,1096260312
권수민,1045843560
이성진,1070831952
이민교,119672009
주주하,1010934943
유조효정,113507803
홍시언,114010712
최지석,1098010514
노연초아,110188822
민수영,114041555
주희주,1022642051
황아영,117034077
손지언,112272184
주연후,114687236
정강빈,1004956245
서현민,1013219091
김혜주,1098861917
주윤채,1053275525
이도균,1000669087
조도원,1064396087
곽현재,1038804920
전승준,1047535848
윤하랑,112217141
송아름,111195338
손관우,1076458395
유조이정,118070664
최세아,110345817
윤진,1064028730
서지오,1021521383
석송연,1003681501
정성희,1077186412
송소율,1041621322
장수찬,1034586269
최진혁,1030099420
정연후,119533869
김세인,1013328966
정송연,116803177
류현우,112067500
정담이,115778180
전창현,113300455
허새봄,111085511
조다나,1000310589
심지민,1057113601
황채령,1000289991
장초은,112128687
공승유,115442248
민태형,1046977729
황희준,118756395
신성우,117671336
서지안,116893892
백현규,113068287
류서안,111126941
석수빈,115249752
백민혜,114378975
채재빈,113087767
백승훈,111602326
봉희찬,1064427453
서다정,110222801
백하엘,118133641
오신태진,1075740463
남태주,1065875915
고승주,1042727272
송지효,111040679
문지이,1098675934
석영서,1069542824
남지운,118493652
문윤혁,118323863
최인우,1068869092
채현영,114892694
김다솔,115906375
남수호,1006135066
민재인,118614862
황정윤,1051463780
노백예인,1006101806
송도윤,112433066
박유담,1045769766
정진주,1069175387
남재은,116500042
권려은,117730762
황근영,114122603
곽주영,118686461
안지현,1062477588
김창민,111382820
석수린,1075138097
서현진,1007172279
임한희수,1031393672
노연정환,118356290
오신정빈,113345113
강현빈,1070827819
주정준,1028526932
곽혜진,113867164
노백하율,1070822870
허엘리,119993640
곽주환,1087071771
공하람,111003600
손윤,119496062
박나라,1088563684
임한석준,1043853702
권주윤,117361332
유조은율,119264817
정여은,1099163971
김정훈,111396550
홍혜윤,119699197
강은혁,1003224254
유조시하,1059998991
김태윤,116488610
정진우,1033138388
송준희,1062173803
정준영,1069675624
허정빈,119401274
권리예,112148300
남다온,1071441295
오신재희,1008715854
백상민,1086434313
봉혜은,115911638
신재빈,113370575
황유담,119247301
문해솔,116836804
심지영,118284457
임한가령,111995474
문효준,1014704496
유조시우,1023968713
허승하,1017626176
서주현,119485304
조강우,117956581
신민교,115658353
김승후,1074105656
정성민,1083374457
노백윤제,1000036624
고이레,1020683195
유조태율,112456499
손정인,1077884880
정성은,1011431648
남미소,113375341
전은결,1025935368
박강민,114240967
김서우,1022545160
홍승혁,118865248
손윤이,117686746
최강윤,1039987243
노연서안,1066270448
윤우빈,1079483135
김연후,115415897
허성주,119216547
주태훈,119496379
신찬유,112581268
강진혁,1040929549
황태희,1058094076
문지윤,118270345
류다원,1001313610
석한비,115773524
박혜준,1034902697
전설하,113569409
강재헌,1071635394
심한서,119688418
남소현,1089599938
장지영,1074303552
정제아,117878786
강나경,1012422469
정경은,1023613653
윤서주,1056500550
민성우,111770581
송은율,113538208
장은성,116483884
백은솔,113178238
원다경,113436827
손유은,118248841
송주연,1080309193
황기훈,118071447
남희재,119871540
고상혁,118226646
손로운,119077367
백태건,113769368
윤리윤,1000581549
허혜정,1096721810
윤승훈,112958610
노백태율,117487859
허민국,115055781
안재욱,110721216
정가람,119880456
권태현,1084398705
석동호,1036303275
석채안,1081043483
문서원,1034575363
백초아,111250555
정주호,118526047
최유주,118185257
홍선우,117893125
채보라,1029234776
고수안,117498139
김태호,1051957194
권라임,115976613
손재윤,1064817755
전신우,1011916946
류슬기,112585403
노백유은,118807773
황재욱,1015727342
정진형,118844119
강지석,114989976
이은성,1052021999
오신다미,1035141726
황세영,1026621686
고상원,110889388
남다혜,113757112
신은진,1030732975
백어진,117530125
노백유민,117884285
채현우,1025933356
노백주미,1021729311
강유빈,113806846
공보겸,116534955
주희은,112379034
안호연,116931879
송유겸,110100606
강슬,1067526974
채로빈,114424542
곽다솔,1078637386
윤민승,1043165472
문세현,111058816
고준엽,1039267890
윤효은,115224234
손도연,1017432507
주우준,1015116577
김유겸,1028096165
채경훈,110462423
안태은,1094083032
정상진,116874716
정해민,1098885857
류아진,110311100
남세정,1093672186
강유준,1044769998
윤세림,1012056938
정하온,110132090
김정혁,119637356
노연상원,115976854
백윤채,1077153707
황은혜,119918934
정이레,114589179
강용진,1006227563
송수경,1017115847
이가은,119126197
강승우,1054454537
심윤우,1097221356
허찬율,110183085
강진서,116205874
임한선유,1046228167
문채영,116802817
남라온,1038652842
유조서원,112091143
봉준민,111760147
채해리,119556848
유조다연,116966704
고도희,115709268
장우진,1079403426
남고은,112607449
문찬유,1081935932
고선민,1005117160
허이담,1078932002
유조별하,118060999
황린,111220966
김재희,116168173
원예영,115288246
고하온,1022944503
주아림,111885816
최도경,1047760206
곽하임,119198143
원윤빈,1037402038
노백가람,1078435132
남대성,1039479597
홍형준,119034327
민준하,114095379
문건율,113208412
송도윤,112198734
김주찬,1017921502
조윤준,113989711
손수현,112624122
황예지,112751004
문지헌,1036940060
문조이,115518688
주규민,1044541049
최세현,114724254
노백민영,111958677
조우주,118010920
최세훈,116770401
공유민,112803310
권종혁,1042006050
오신대윤,118046990
류승현,118259961
전건후,116516137
전시호,1084879697
주세하,114528794
노연예훈,1075994107
남가을,119705602
전우찬,1094524001
전의진,110911690
고세희,1018809500
류여준,119887543
신아현,116395836
남윤재,114232629
이다미,110631321
최솔,1052152942
신현석,111880391
백민겸,1081506133
공영찬,1018413577
조주찬,1056520482
민지수,1038848084
최아림,111276795
정지유,116774770
윤보영,118017461
주이설,1004808903
봉예온,113643140
허유아,116941259
주로운,1016741767
오신나래,1062180815
채결,115571768
정이설,1053385472
서은주,112980851
봉석민,110889724
유조아린,112486603
노백정인,118004756
윤유하,1081457622
공정윤,1042094222
유조율리,1056366202
장준섭,1020791010
문영훈,1020173284
김은찬,1072809536
김정빈,112682348
이수민,110243909
최재경,118324085
류준표,1029833995
신유경,118923236
안재혁,1000860427
남동민,1039210173
공우성,111827284
윤요한,1006877190
김현호,111000300
봉다은,116913212
채서이,118094162
고은,116076015
백유솔,1088125473
공승희,110519468
문현석,112718300
강대윤,1095545644
곽제이,1063595729
임한리아,119984343
홍정진,117481273
고채하,118874001
심수찬,118158911
문성현,111844105
주강윤,110808525
임한도은,1093871718
서지효,118868326
유조효준,1080039189
민서정,117601236
안정환,1060913750
강은혁,1003836072
황다율,1084590810
임한태리,118977032
신효진,1001847247
홍도진,1007981034
서해솔,1023329190
이윤서,118685439
김수빈,1007359836
김한빈,113389128
강가민,1026669999
곽유안,1062583248
문유성,111576876
김강희,1079506821
김정은,1005184812
허아랑,1029553886
문동하,1044542869
심하성,1084448494
서영우,1091440455
안주하,110841360
홍누리,1007132184
황다원,113689446
정유성,119547703
곽서원,1094896100
임한영은,111963460
곽연수,1001413951
장혜윤,114460504
윤태규,113885918
박유하,118394038
송선민,113154344
조의준,1047120729
남루비,1067379898
김이도,1016569758
문대한,1013703490
김세찬,112802222
남정욱,115841789
문주원,117681797
주인혜,1072591254
신동환,1044705124
류도형,1042415100
정민아,112653302
이하엘,111947682
주보연,1016614917
조세영,115158641
김진,117062747
곽선하,1001977884
노연창민,113454243
강준성,113559290
정희찬,1017529080
남시원,113418530
박이안,1036100162
곽희은,118104448
조도운,1053460724
홍소빈,112209932
남은혁,1021464158
조수하,112696165
민한솔,1080596246
노연나현,1086017169
허예준,116796092
유조은결,1014370980
권해원,1096410032
김민하,1059379947
임한다온,1073904079
허송희,119387209
정연주,1004076909
김리한,110903273
송연우,110688502
황수빈,1054843014
임한윤수,115678407
정경훈,1038527861
최다은,116006742
조제이,1023056503
주수안,118632983
문예윤,111820687
김해온,1081927074
원민제,111881337
남민,119314580
김예람,118982139
문윤수,1002206623
문연진,110651047
안가원,111452010
민신우,1014796513
홍슬기,1096896175
허안나,1036478270
공정현,1053523761
김준휘,1007820537
윤성연,1080831777
공도율,116068536
손나예,110983260
남희수,112192825
유조다정,119411223
오신서원,1018089662
전소진,115030535
황태웅,1050513570
권재훈,113408715
공현준,1062821780
남하리,110424259
유조연두,1053396555
공하루,1079270275
원예솔,1025842263
임한민국,1014454249
백혜림,114080576
고준희,1091559859
조영찬,1098165463
오신희주,1043805706
장하늬,1032162478
문민결,1078082245
민지호,1044928676
백윤수,110300089
최시유,116991036
고혜원,1053987648
노백명준,1034977208
윤수찬,118304166
심민욱,1009896850
문서율,112600226
윤규빈,118158270
신효림,1079087577
노백혜린,1019304763
채아준,113989684
문진,1046724727
서연두,1048700563
김채경,115843267
안인영,1088807994
남도영,1066338077
김지현,116720654
곽인준,1072736738
허재형,111625820
봉예온,118575187
정나원,1029536449
박호진,1058918661
봉담희,119212648
채찬,1004206283
강현,110192480
안도영,110747561
권윤슬,112494856
남소미,112154583
석한솔,113926484
황샤론,111346498
허가윤,110895422
전이든,1074471067
채재율,1056605811
임한예람,1030913325
장태주,118081557
홍영빈,1077351223
정재연,112390686
오신다율,118762286
임한율희,111220237
노연선율,1020727222
주라윤,116868094
박율,114514583
유조태빈,1083712580
황재이,119299477
조범서,1036492940
노연세하,1037704725
강종현,114423168
윤하원,1067018639
주도경,115375504
백정연,1034273105
김소현,118070258
김시영,117247036
문나희,115314292
오신나예,1018715749
오신원빈,119017998
석아윤,111210190
장용준,119945444
손보라,1028702971
노백해솔,1005862202
안세윤,1005549676
서근호,1029111454
남재연,1023127868
신은설,1023181673
안예훈,115914317
문솔,113827479
김한결,1074654972
유조지완,114766693
김영서,112171319
남찬호,1029061290
강가원,119364411
백지영,111906176
김미나,110927565
정진원,114188184
장민영,1081264440
홍제이,1048386204
채도형,1011939849
고민영,113516227
심준이,117863430
안주안,118522500
노백종우,1083486781
강송이,110442498
유조나연,1025430026
서슬찬,110977283
곽민주,1068577538
류정운,1067856782
봉다미,1030569780
홍규린,1036178139
홍윤채,117439739
봉세훈,1033862657
박해리,110838779
강영훈,112557772
정태산,1084188501
신형우,1069256939
남라율,1024063340
정재원,1081991366
공태희,117411824
채재희,115996888
남성재,1011007175
노백진욱,1079971324
유조혜정,113715429
남시안,114486474
고혜윤,115437831
노백나온,111132554
이주완,1088602681
윤민교,112891062
석강현,112212772
임한효정,110917235
석이담,1069657866
임한이설,111750959
안지율,1031114756
이하음,1001798722
류우준,1067029829
문재호,1050087378
장수하,116997823
백보영,1058030883
윤진영,111711534
백현주,1037316948
문연지,110125523
최나예,113132709
김리하,112772322
노백승현,110431083
신리원,1013013081
백윤주,1055254146
임한이든,1005320393
문아연,1082762889
안시온,114907011
이라임,117552332
안제니,118132476
김리안,1082904894
류승수,114238107
문우빈,1097709615
문시우,110304407
장혜선,113638020
김형우,112376718
허도건,1033563904
임한성욱,111127118
최선미,112004312
채우리,1018731122
정지은,117574373
정훈,1004531436
허지언,117649980
문루아,1016830821
권은빈,119446299
강태환,1054502260
황우준,119789283
허정준,1015478678
박희찬,116929530
봉선우,1001743883
이다나,1048769524
장동혁,117504424
노백한나,1006054368
김연준,117101437
백지석,119105944
공선율,116392239
조우성,117341770
조윤희,110258658
문이레,111446398
문윤정,112399776
장세나,111322683
원우림,1094578041
김찬유,1056350189
김재윤,1029749236
홍리안,1029018812
주다니,1079634409
김재희,1015754316
곽동현,1036060127
안하엘,1069589422
장유경,110951396
홍지안,115710269
정연희,1091564753
황동영,116603293
황호영,118202657
최성호,1047682917
서리나,1086424655
문준희,1034650665
고지오,110854869
서인호,1067345685
봉규원,110162675
정종우,115303538
손한준,114795925
고연수,115995162
김연호,114771438
주승헌,113368711
오신민욱,116941004
주효진,1051736800
류상혁,1096764000
석서준,1076026163
김민재,1023201917
강세영,114782385
강혜성,110064796
윤라임,115357490
안주이,113915088
노백경민,1061647858
민예담,114487230
신진호,118896205
문도운,1000384154
남건우,1075967650
김유찬,116458669
노백윤서,113405641
남빛나,119432101
정해찬,111904796
박은율,119430943
공송연,111109156
남한울,1080573013
오신우빈,1053710331
노연수찬,119515486
류주혜,1068071219
강지율,1038682642
조혜윤,116525945
채태은,111282180
유조민,112581459
원하린,114134010
남동희,113760794
안소망,114465570
권하윤,115917516
석지윤,1098289603
손나연,112914493
오신이은,1033756922
김태인,1011212013
권선빈,1056333700
장이레,1063907184
이정아,1050169277
황태완,1009806989
남범준,1068240933
손하성,118248939
문하이,111557825
남리나,1037524680
백라온,118284360
박우준,1090437229
윤현주,113373620
송세환,117142771
주지석,110718271
장재연,114596652
김민솔,1046251482
김동주,115016729
백연서,111633717
최기현,114037584
이도연,1048712613
문은재,1002530324
정민율,113676571
고재이,115803334
유조희재,1073326113
석희주,113362425
노백세찬,1032372173
류나림,1030787748
주효민,1044257051
오신경민,113168545
문정호,111470405
전연재,1012036615
전채민,1042731820
송조이,1077556908
최진우,1056010222
문로건,1087177157
황명진,1001555251
권다경,1001172629
오신윤설,113186776
윤지석,1047322411
노연은유,1086647077
홍해리,115187356
홍시유,115057868
장도연,111244745
안한울,118037231
정정윤,1030324509
김석현,114893967
송이수,114915710
황해원,1086871848
민건하,111888312
남하담,110314355
홍주연,1063232029
홍새론,1001151343
장우진,1008025703
강윤찬,1019129968
권태하,117486417
류주원,1098321753
전채희,1016891309
유조경민,1030954662
주태산,1042787537
조소미,1060920678
서이정,1069983189
윤규원,1079697320
류아현,1019851536
노백수영,112747400
민예랑,113496900
곽경준,116008171
봉지아,112188623
김린아,1091001287
황유성,112505276
노백준성,111811939
전태진,111614282
이노아,1057303092
문규린,1096199199
최채희,111503159
문우재,1076089231
정로운,118709352
황건후,1017245825
남명준,119100310
장하빈,1047156390
허윤건,1076615844
고호연,113246691
문성민,1017277148
남지운,1034735043
박우민,1002545848
서해인,1098914812
곽율,1084867533
정명준,112834604
권영준,1054871580
김민성,1040847856
손재우,118084743
채세민,112808592
정인영,1043023469
윤수찬,1055663479
오신이담,1006742968
박아준,1021304677
문주하,112579251
조한서,1087194602
송형우,110583257
심윤준,1003407789
강성진,115728515
김선유,1001438818
장아림,1014049382
신현중,1080098030
류은수,116603892
류현재,113869713
문단비,1025118200
곽찬호,111443834
김건후,1010936965
김도은,1071454545
전태은,1058894042
강이설,1046980389
오신형우,111330165
곽제윤,115095950
문혜영,1065694412
조태건,114915172
백효인,114880049
박시율,112221473
조명준,116229156
권진아,112980584
김선율,115355242
손종민,1076516159
고은아,1048414100
남민기,1029568292
원윤진,1036799322
손유신,114165197
서민경,1078617785
류하음,1085892457
강누리,114917605
최하윤,1062269889
정라임,111692273
김호진,1015979687
강해리,1015084370
최재경,1016900935
유조예람,1024381671
원재희,1069503126
오신준후,1003813612
노백주안,114041721
노연호연,1025639158
민재원,1065249336
전제하,117138717
정현석,116196122
강하음,1006509103
문진주,1088986196
남우빈,1074420833
김주희,1095577024
황하루,1054578581
노연하민,112718721
권채우,1076157736
임한나라,1080498620
백시영,1003074807
문동휘,113750967
봉지헌,1055592123
정석현,117594467
원현호,111368296
곽보아,1098757616
심재인,1036496886
김여은,1063682056
강아람,1046420870
강선아,112201261
서시윤,1055434098
남태후,112890686
강한나,119564108
유조은빈,119672817
이초은,116347881
김지홍,1021376567
송혜진,113534807
남영은,115601476
이희진,1071762325
채지헌,1088216883
강해나,115115254
강이레,1043279547
오신상훈,1060339283
정선영,117728894
안태준,1010531590
채희서,1087325220
안준호,1039918294
주세현,1052029905
김은재,1075310815
김다원,1086490056
김준이,1021238001
장하선,111271875
문준서,112726698
전우성,118199817
노백성빈,118693526
주해준,110062067
유조승규,111379179
서윤수,1093770352
문민건,118352712
남예리,1020129743
정윤영,1037085040
고아라,1056785893
주세라,1063489825
허수아,110990428
송다경,1024315618
송규림,1021283510
곽은찬,117275316
노연에스,1071435383
강어진,1069906240
강다정,1031121392
서송연,112864673
김시온,1010120110
채가원,1052459944
김민영,1095737996
권주하,1001717446
노연이삭,1014338827
박준오,1023157575
홍선재,115449650
석채현,110099928
임한선빈,113698230
공준석,114811655
곽강우,1065542611
민승연,114668764
남여울,113636250
이찬민,114409703
손혜림,111971499
원주희,117695946
심우현,1037915176
문진욱,1034291024
백승연,1005963432
허예온,1086407403
노백아준,113773517
강연희,112207987
강시윤,1005961144
서시은,1013439729
송건후,118692855
김민,1050112725
백단비,114607777
이가인,1007692565
김해솔,1001868216
홍레아,118502996
강다혜,118242021
안태건,1056909565
원혜성,1009219412
심태윤,1001188373
남한율,1034583442
이도담,119139359
봉이안,1016770251
박진현,1071053763
봉희정,1049842869
윤서하,115026456
주시후,116002717
민태윤,1003844966
강세영,111600242
허은빈,1015908135
황지율,114732272
백주윤,113930170
서예담,1086733201
고유겸,118269899
원세진,1046133504
채현민,1073242427
권상진,113928139
장진수,1044505247
문세진,1061895661
안호윤,118819690
정성훈,118961134
임한시진,1094233203
김수호,116115536
장민소,1013237753
정지혜,111296235
이아랑,113224251
심보아,1046873329
노연하늬,117682894
백승환,116085026
안민,116769545
노백윤경,1051774689
신창현,1069386878
허수현,116841885
신해온,110759155
전선미,115804464
강연아,1045136254
노백아라,112432513
곽아란,1062396706
최선호,1007460322
봉영찬,1007370018
유조제현,1097647748
허혜윤,1026028428
남한서,116867712
민호,117040212
손여울,1086126164
오신재환,114653152
유조성진,110147569
서제인,119717923
조동준,1002420264
남무진,1044102181
봉효빈,1037581752
봉예성,1029246905
허준희,1008339835
김슬,1031190608
김진혁,1048409399
정수하,118388826
조시환,1026887495
주찬서,118277857
봉해성,113997129
김세준,110226326
석찬솔,1018427668
이이수,110782294
허서호,117606456
장민서,117440781
안하선,115894249
문주찬,1037335667
강정아,1037955696
김희수,1011800858
주주빈,1016389660
손현성,117816546
정준성,111607311
오신종혁,119579800
주리원,114984824
황준환,1073567612
심경민,110855495
노연승주,115109295
김이든,118075484
곽대성,1004721613
정윤희,1037182005
송재범,1077639536
원아름,115242643
채규빈,119400653
남한별,116733689
황은수,1027901776
노연리나,1060198495
윤유승,111345144
장제아,112423917
노연유현,115026143
유조승민,1074234125
남재욱,1017466644
강로운,117920273
석도훈,1022862764
주채은,1097372680
최주희,111178223
정진서,110751465
류영훈,111892457
유조정민,113099824
조지후,1082367323
장유찬,111152972
류태형,115539620
남하루,111799525
원연후,116463743
송재영,114794305
원하음,1023664136
김지석,115985547
송재욱,111548978
홍선우,1067770909
박시아,1093761194
박도은,1008513284
손승리,117748211
신로이,1031189807
민나리,1060440602
권효림,1000564739
유조한울,114364501
황다민,110569407
강유미,116057923
김소윤,117476671
장강,119906499
전정욱,117453965
김예람,1033951040
노백주안,114723932
백송현,1058435061
박로희,1090888161
봉가령,1047396246
심주하,1025872053
김서빈,1069625061
주리우,111397245
류현욱,1096023861
고윤제,1008757939
유조원석,111002359
조준형,116915387
남보윤,1083177974
전종현,1067898385
김석민,1012016816
고희윤,115957094
강태이,116633859
정보현,1039341240
이경준,1093902943
강라율,1092978937
민성재,1078384032
유조다연,1026917943
박지혁,1090462494
정윤혁,119839785
봉효재,1033030590
손민선,1051407439
송나래,1029513660
류루나,1002732666
주동준,1077769496
안민수,1002629974
심예준,1046480017
고동원,114746636
원해준,1012993930
공수희,1012466789
윤아인,113007756
조서윤,1012217062
문주언,1034350438
황진,115188674
이수빈,1009103568
안아림,112766180
노연서이,1045504282
윤혜연,1090478269
봉동우,1071503275
봉재은,118733107
문호연,117152975
정경환,1032857992
장동후,110915866
박예나,1048731272
홍주하,117462408
석송연,1037406071
임한민솔,1062939335
심세연,1056662397
주예영,1017494441
홍새론,114542235
허정운,117876884
채수찬,1017431654
공승수,1006929577
석선빈,114584412
남예담,1067310298
백소을,1037001383
노백희영,119477068
조가민,1074189455
오신지수,114450150
허지아,112688433
권수빈,1041078799
석유경,112139633
최태린,115869519
안정연,110604993
민형우,1025644596
백수하,1057244766
김혜리,114686066
조도훈,111946256
공호준,119508950
곽선후,1063456144
이채령,1005079530
백유빈,1030770498
문민주,113527953
김지희,1067048692
정재원,113671121
노백태규,118534321
공시형,113331704
강해윤,1078305129
심해성,1059955566
홍리호,119506190
최주혜,1063630296
남채린,1060685236
고가윤,1030512990
석은후,1066915865
안성희,1027240798
안시우,118807549
고경준,112970769
조지우,1043729699
이서안,116791415
주려은,1053395220
유조건형,118625316
공경환,1064101759
정겸,1001061982
김주호,1030780119
김혜윤,1086556921
권윤성,115851554
원성하,1043358813
오신예찬,117135555
황규연,1063810219
권가율,1016517866
조혜나,111824925
중복